scenario,sparsity_pct,toggle_pct,iteration,time_ns,mode,vmin_mv,vmax_mv,droop_mv,overshoot_mv,pkpk_mv,baseline_droop_mv,baseline_pkpk_mv,droop_reduction_pct,pkpk_reduction_pct,avg_load_ma,peak_load_ma,delta_load_ma,event_latency_ps,control_latency_ps,settle_ns,vrefh_mv,vrefl_mv,vdrp_mv,vos_mv,ctie_hi,ctie_lo,global_code,pin_mw,pout_mw,efficiency_pct,current_eff_peak_pct,iq_est_ua,control_power_mw,guardband_power_mw,switching_power_mw,rail_violation,current_stddev_ma,current_stddev_min_ma,avg_ctot_code
dense_10pct_75pct,10.000000,75.000000,1,12800.000000,no_eec+no_learning+no_balance,767.111429,837.636307,32.888571,37.636307,70.524878,32.888571,70.524878,0.000000,0.000000,440.720807,532.263314,184.526627,0.000000,0.000000,20.000000,845.000000,755.000000,690.000000,890.000000,26624,6144,36725,552.462801,354.391214,64.147525,73.753660,629.066777,0.566160,140.755208,0.058030,0,0.037465,0.013573,46432.281250
dense_10pct_75pct,10.000000,75.000000,2,15360.000000,no_eec+no_learning+no_balance,773.958743,834.367785,26.041257,34.367785,60.409041,32.888571,70.524878,20.819739,14.343642,440.000000,532.263314,184.526627,0.000000,0.000000,0.000000,845.000000,755.000000,690.000000,890.000000,26624,6144,32305,546.229995,353.014473,64.627442,73.746999,581.198272,0.523078,140.525000,0.038359,0,0.036093,0.015094,45913.296875
dense_10pct_75pct,10.000000,75.000000,3,17920.000000,no_eec+no_learning+no_balance,780.364484,834.367785,19.635516,34.367785,54.003301,32.888571,70.524878,40.296840,23.426594,440.000000,532.263314,184.526627,0.000000,0.000000,0.000000,845.000000,755.000000,690.000000,890.000000,26624,6144,32305,542.963104,353.379214,65.083467,73.747745,562.358053,0.506122,140.525000,0.030785,0,0.036358,0.016838,45756.000000
dense_10pct_75pct,10.000000,75.000000,4,20480.000000,no_eec+no_learning+no_balance,780.364484,834.367785,19.635516,34.367785,54.003301,32.888571,70.524878,40.296840,23.426594,440.000000,532.263314,184.526627,0.000000,0.000000,0.000000,845.000000,755.000000,690.000000,890.000000,26624,6144,32305,542.963104,353.379214,65.083467,73.747745,562.358053,0.506122,140.525000,0.030785,0,0.036358,0.016838,45756.000000
dense_10pct_75pct,10.000000,75.000000,5,23040.000000,no_eec+no_learning+no_balance,780.364484,834.367785,19.635516,34.367785,54.003301,32.888571,70.524878,40.296840,23.426594,440.000000,532.263314,184.526627,0.000000,0.000000,0.000000,845.000000,755.000000,690.000000,890.000000,26624,6144,32305,542.963104,353.379214,65.083467,73.747745,562.358053,0.506122,140.525000,0.030785,0,0.036358,0.016838,45756.000000
dense_10pct_75pct,10.000000,75.000000,6,25600.000000,no_eec+no_learning+no_balance,780.364484,834.367785,19.635516,34.367785,54.003301,32.888571,70.524878,40.296840,23.426594,440.000000,532.263314,184.526627,0.000000,0.000000,0.000000,845.000000,755.000000,690.000000,890.000000,26624,6144,32305,542.963104,353.379214,65.083467,73.747745,562.358053,0.506122,140.525000,0.030785,0,0.036358,0.016838,45756.000000
dense_10pct_75pct,10.000000,75.000000,7,28160.000000,no_eec+no_learning+no_balance,780.364484,834.367785,19.635516,34.367785,54.003301,32.888571,70.524878,40.296840,23.426594,440.000000,532.263314,184.526627,0.000000,0.000000,0.000000,845.000000,755.000000,690.000000,890.000000,26624,6144,32305,542.963104,353.379214,65.083467,73.747745,562.358053,0.506122,140.525000,0.030785,0,0.036358,0.016838,45756.000000
dense_10pct_75pct,10.000000,75.000000,8,30720.000000,no_eec+no_learning+no_balance,780.364484,834.367785,19.635516,34.367785,54.003301,32.888571,70.524878,40.296840,23.426594,440.000000,532.263314,184.526627,0.000000,0.000000,0.000000,845.000000,755.000000,690.000000,890.000000,26624,6144,32305,542.963104,353.379214,65.083467,73.747745,562.358053,0.506122,140.525000,0.030785,0,0.036358,0.016838,45756.000000
dense_10pct_75pct,10.000000,75.000000,9,33280.000000,no_eec+no_learning+no_balance,780.364484,834.367785,19.635516,34.367785,54.003301,32.888571,70.524878,40.296840,23.426594,440.000000,532.263314,184.526627,0.000000,0.000000,0.000000,845.000000,755.000000,690.000000,890.000000,26624,6144,32305,542.963104,353.379214,65.083467,73.747745,562.358053,0.506122,140.525000,0.030785,0,0.036358,0.016838,45756.000000
dense_10pct_75pct,10.000000,75.000000,10,35840.000000,no_eec+no_learning+no_balance,780.364484,834.367785,19.635516,34.367785,54.003301,32.888571,70.524878,40.296840,23.426594,440.000000,532.263314,184.526627,0.000000,0.000000,0.000000,845.000000,755.000000,690.000000,890.000000,26624,6144,32305,542.963104,353.379214,65.083467,73.747745,562.358053,0.506122,140.525000,0.030785,0,0.036358,0.016838,45756.000000
dense_10pct_75pct,10.000000,75.000000,11,38400.000000,no_eec+no_learning+no_balance,780.364484,834.367785,19.635516,34.367785,54.003301,32.888571,70.524878,40.296840,23.426594,440.000000,532.263314,184.526627,0.000000,0.000000,0.000000,845.000000,755.000000,690.000000,890.000000,26624,6144,32305,542.963104,353.379214,65.083467,73.747745,562.358053,0.506122,140.525000,0.030785,0,0.036358,0.016838,45756.000000
dense_10pct_75pct,10.000000,75.000000,12,40960.000000,no_eec+no_learning+no_balance,780.364484,834.367785,19.635516,34.367785,54.003301,32.888571,70.524878,40.296840,23.426594,440.000000,532.263314,184.526627,0.000000,0.000000,0.000000,845.000000,755.000000,690.000000,890.000000,26624,6144,32305,542.963104,353.379214,65.083467,73.747745,562.358053,0.506122,140.525000,0.030785,0,0.036358,0.016838,45756.000000
dense_10pct_75pct,10.000000,75.000000,13,43520.000000,no_eec+no_learning+no_balance,780.364484,834.367785,19.635516,34.367785,54.003301,32.888571,70.524878,40.296840,23.426594,440.000000,532.263314,184.526627,0.000000,0.000000,0.000000,845.000000,755.000000,690.000000,890.000000,26624,6144,32305,542.963104,353.379214,65.083467,73.747745,562.358053,0.506122,140.525000,0.030785,0,0.036358,0.016838,45756.000000
dense_10pct_75pct,10.000000,75.000000,14,46080.000000,no_eec+no_learning+no_balance,780.364484,834.367785,19.635516,34.367785,54.003301,32.888571,70.524878,40.296840,23.426594,440.000000,532.263314,184.526627,0.000000,0.000000,0.000000,845.000000,755.000000,690.000000,890.000000,26624,6144,32305,542.963104,353.379214,65.083467,73.747745,562.358053,0.506122,140.525000,0.030785,0,0.036358,0.016838,45756.000000
dense_10pct_75pct,10.000000,75.000000,15,48640.000000,no_eec+no_learning+no_balance,780.364484,834.367785,19.635516,34.367785,54.003301,32.888571,70.524878,40.296840,23.426594,440.000000,532.263314,184.526627,0.000000,0.000000,0.000000,845.000000,755.000000,690.000000,890.000000,26624,6144,32305,542.963104,353.379214,65.083467,73.747745,562.358053,0.506122,140.525000,0.030785,0,0.036358,0.016838,45756.000000
dense_10pct_75pct,10.000000,75.000000,16,51200.000000,no_eec+no_learning+no_balance,780.364484,834.367785,19.635516,34.367785,54.003301,32.888571,70.524878,40.296840,23.426594,440.000000,532.263314,184.526627,0.000000,0.000000,0.000000,845.000000,755.000000,690.000000,890.000000,26624,6144,32305,542.963104,353.379214,65.083467,73.747745,562.358053,0.506122,140.525000,0.030785,0,0.036358,0.016838,45756.000000
dense_10pct_75pct,10.000000,75.000000,17,53760.000000,no_eec+no_learning+no_balance,780.364484,834.367785,19.635516,34.367785,54.003301,32.888571,70.524878,40.296840,23.426594,440.000000,532.263314,184.526627,0.000000,0.000000,0.000000,845.000000,755.000000,690.000000,890.000000,26624,6144,32305,542.963104,353.379214,65.083467,73.747745,562.358053,0.506122,140.525000,0.030785,0,0.036358,0.016838,45756.000000
dense_10pct_75pct,10.000000,75.000000,18,56320.000000,no_eec+no_learning+no_balance,780.364484,834.367785,19.635516,34.367785,54.003301,32.888571,70.524878,40.296840,23.426594,440.000000,532.263314,184.526627,0.000000,0.000000,0.000000,845.000000,755.000000,690.000000,890.000000,26624,6144,32305,542.963104,353.379214,65.083467,73.747745,562.358053,0.506122,140.525000,0.030785,0,0.036358,0.016838,45756.000000
dense_10pct_75pct,10.000000,75.000000,19,58880.000000,no_eec+no_learning+no_balance,780.364484,834.367785,19.635516,34.367785,54.003301,32.888571,70.524878,40.296840,23.426594,440.000000,532.263314,184.526627,0.000000,0.000000,0.000000,845.000000,755.000000,690.000000,890.000000,26624,6144,32305,542.963104,353.379214,65.083467,73.747745,562.358053,0.506122,140.525000,0.030785,0,0.036358,0.016838,45756.000000
dense_10pct_75pct,10.000000,75.000000,20,61440.000000,no_eec+no_learning+no_balance,780.364484,834.367785,19.635516,34.367785,54.003301,32.888571,70.524878,40.296840,23.426594,440.000000,532.263314,184.526627,0.000000,0.000000,0.000000,845.000000,755.000000,690.000000,890.000000,26624,6144,32305,542.963104,353.379214,65.083467,73.747745,562.358053,0.506122,140.525000,0.030785,0,0.036358,0.016838,45756.000000
dense_10pct_75pct,10.000000,75.000000,21,64000.000000,no_eec+no_learning+no_balance,780.364484,834.367785,19.635516,34.367785,54.003301,32.888571,70.524878,40.296840,23.426594,440.000000,532.263314,184.526627,0.000000,0.000000,0.000000,845.000000,755.000000,690.000000,890.000000,26624,6144,32305,542.963104,353.379214,65.083467,73.747745,562.358053,0.506122,140.525000,0.030785,0,0.036358,0.016838,45756.000000
dense_10pct_75pct,10.000000,75.000000,22,66560.000000,no_eec+no_learning+no_balance,780.364484,834.367785,19.635516,34.367785,54.003301,32.888571,70.524878,40.296840,23.426594,440.000000,532.263314,184.526627,0.000000,0.000000,0.000000,845.000000,755.000000,690.000000,890.000000,26624,6144,32305,542.963104,353.379214,65.083467,73.747745,562.358053,0.506122,140.525000,0.030785,0,0.036358,0.016838,45756.000000
dense_10pct_75pct,10.000000,75.000000,23,69120.000000,no_eec+no_learning+no_balance,780.364484,834.367785,19.635516,34.367785,54.003301,32.888571,70.524878,40.296840,23.426594,440.000000,532.263314,184.526627,0.000000,0.000000,0.000000,845.000000,755.000000,690.000000,890.000000,26624,6144,32305,542.963104,353.379214,65.083467,73.747745,562.358053,0.506122,140.525000,0.030785,0,0.036358,0.016838,45756.000000
dense_10pct_75pct,10.000000,75.000000,24,71680.000000,no_eec+no_learning+no_balance,780.364484,834.367785,19.635516,34.367785,54.003301,32.888571,70.524878,40.296840,23.426594,440.000000,532.263314,184.526627,0.000000,0.000000,0.000000,845.000000,755.000000,690.000000,890.000000,26624,6144,32305,542.963104,353.379214,65.083467,73.747745,562.358053,0.506122,140.525000,0.030785,0,0.036358,0.016838,45756.000000
dense_10pct_75pct,10.000000,75.000000,25,74240.000000,no_eec+no_learning+no_balance,780.364484,834.367785,19.635516,34.367785,54.003301,32.888571,70.524878,40.296840,23.426594,440.000000,532.263314,184.526627,0.000000,0.000000,0.000000,845.000000,755.000000,690.000000,890.000000,26624,6144,32305,542.963104,353.379214,65.083467,73.747745,562.358053,0.506122,140.525000,0.030785,0,0.036358,0.016838,45756.000000
dense_10pct_75pct,10.000000,75.000000,26,76800.000000,no_eec+no_learning+no_balance,780.364484,834.367785,19.635516,34.367785,54.003301,32.888571,70.524878,40.296840,23.426594,440.000000,532.263314,184.526627,0.000000,0.000000,0.000000,845.000000,755.000000,690.000000,890.000000,26624,6144,32305,542.963104,353.379214,65.083467,73.747745,562.358053,0.506122,140.525000,0.030785,0,0.036358,0.016838,45756.000000
dense_10pct_75pct,10.000000,75.000000,27,79360.000000,no_eec+no_learning+no_balance,780.364484,834.367785,19.635516,34.367785,54.003301,32.888571,70.524878,40.296840,23.426594,440.000000,532.263314,184.526627,0.000000,0.000000,0.000000,845.000000,755.000000,690.000000,890.000000,26624,6144,32305,542.963104,353.379214,65.083467,73.747745,562.358053,0.506122,140.525000,0.030785,0,0.036358,0.016838,45756.000000
dense_10pct_75pct,10.000000,75.000000,28,81920.000000,no_eec+no_learning+no_balance,780.364484,834.367785,19.635516,34.367785,54.003301,32.888571,70.524878,40.296840,23.426594,440.000000,532.263314,184.526627,0.000000,0.000000,0.000000,845.000000,755.000000,690.000000,890.000000,26624,6144,32305,542.963104,353.379214,65.083467,73.747745,562.358053,0.506122,140.525000,0.030785,0,0.036358,0.016838,45756.000000
dense_10pct_75pct,10.000000,75.000000,29,84480.000000,no_eec+no_learning+no_balance,780.364484,834.367785,19.635516,34.367785,54.003301,32.888571,70.524878,40.296840,23.426594,440.000000,532.263314,184.526627,0.000000,0.000000,0.000000,845.000000,755.000000,690.000000,890.000000,26624,6144,32305,542.963104,353.379214,65.083467,73.747745,562.358053,0.506122,140.525000,0.030785,0,0.036358,0.016838,45756.000000
dense_10pct_75pct,10.000000,75.000000,30,87040.000000,no_eec+no_learning+no_balance,780.364484,834.367785,19.635516,34.367785,54.003301,32.888571,70.524878,40.296840,23.426594,440.000000,532.263314,184.526627,0.000000,0.000000,0.000000,845.000000,755.000000,690.000000,890.000000,26624,6144,32305,542.963104,353.379214,65.083467,73.747745,562.358053,0.506122,140.525000,0.030785,0,0.036358,0.016838,45756.000000
dense_10pct_75pct,10.000000,75.000000,31,89600.000000,no_eec+no_learning+no_balance,780.364484,834.367785,19.635516,34.367785,54.003301,32.888571,70.524878,40.296840,23.426594,440.000000,532.263314,184.526627,0.000000,0.000000,0.000000,845.000000,755.000000,690.000000,890.000000,26624,6144,32305,542.963104,353.379214,65.083467,73.747745,562.358053,0.506122,140.525000,0.030785,0,0.036358,0.016838,45756.000000
dense_10pct_75pct,10.000000,75.000000,32,92160.000000,no_eec+no_learning+no_balance,780.364484,834.367785,19.635516,34.367785,54.003301,32.888571,70.524878,40.296840,23.426594,440.000000,532.263314,184.526627,0.000000,0.000000,0.000000,845.000000,755.000000,690.000000,890.000000,26624,6144,32305,542.963104,353.379214,65.083467,73.747745,562.358053,0.506122,140.525000,0.030785,0,0.036358,0.016838,45756.000000
medium_50pct_50pct,50.000000,50.000000,1,94730.000000,no_eec+no_learning+no_balance,805.578269,840.284167,0.000000,40.284167,40.284167,0.000000,40.284167,0.000000,0.000000,332.115385,366.286982,68.343195,0.000000,0.000000,0.000000,845.000000,755.000000,690.000000,890.000000,26624,6144,17680,392.744656,273.520323,69.643296,77.108847,559.136110,0.503222,88.259663,0.021474,0,0.013017,0.005091,41344.000000
medium_50pct_50pct,50.000000,50.000000,2,97290.000000,no_eec+no_learning+no_balance,772.680234,826.650632,27.319766,26.650632,53.970399,0.000000,40.284167,0.000000,-33.974222,332.115385,366.286982,68.343195,0.000000,0.000000,10.000000,845.000000,755.000000,690.000000,890.000000,26624,6144,17062,393.454450,265.877461,67.575157,77.112554,551.091745,0.495983,88.259663,0.016973,0,0.009673,0.003687,32237.054688
medium_50pct_50pct,50.000000,50.000000,3,99850.000000,no_eec+no_learning+no_balance,773.511404,817.170583,26.488596,17.170583,43.659179,0.000000,40.284167,0.000000,-8.378011,332.115385,366.286982,68.343195,0.000000,0.000000,150.000000,845.000000,755.000000,690.000000,890.000000,26624,6144,17062,393.005144,265.664435,67.598208,77.112554,547.880293,0.493092,88.259663,0.015630,0,0.009481,0.003794,31228.000000
medium_50pct_50pct,50.000000,50.000000,4,102410.000000,no_eec+no_learning+no_balance,773.511404,817.170583,26.488596,17.170583,43.659179,0.000000,40.284167,0.000000,-8.378011,332.115385,366.286982,68.343195,0.000000,0.000000,150.000000,845.000000,755.000000,690.000000,890.000000,26624,6144,17062,393.005144,265.664435,67.598208,77.112554,547.880293,0.493092,88.259663,0.015630,0,0.009481,0.003794,31228.000000
medium_50pct_50pct,50.000000,50.000000,5,104970.000000,no_eec+no_learning+no_balance,773.511404,817.170583,26.488596,17.170583,43.659179,0.000000,40.284167,0.000000,-8.378011,332.115385,366.286982,68.343195,0.000000,0.000000,150.000000,845.000000,755.000000,690.000000,890.000000,26624,6144,17062,393.005144,265.664435,67.598208,77.112554,547.880293,0.493092,88.259663,0.015630,0,0.009481,0.003794,31228.000000
medium_50pct_50pct,50.000000,50.000000,6,107530.000000,no_eec+no_learning+no_balance,773.511404,817.170583,26.488596,17.170583,43.659179,0.000000,40.284167,0.000000,-8.378011,332.115385,366.286982,68.343195,0.000000,0.000000,150.000000,845.000000,755.000000,690.000000,890.000000,26624,6144,17062,393.005144,265.664435,67.598208,77.112554,547.880293,0.493092,88.259663,0.015630,0,0.009481,0.003794,31228.000000
medium_50pct_50pct,50.000000,50.000000,7,110090.000000,no_eec+no_learning+no_balance,773.511404,817.170583,26.488596,17.170583,43.659179,0.000000,40.284167,0.000000,-8.378011,332.115385,366.286982,68.343195,0.000000,0.000000,150.000000,845.000000,755.000000,690.000000,890.000000,26624,6144,17062,393.005144,265.664435,67.598208,77.112554,547.880293,0.493092,88.259663,0.015630,0,0.009481,0.003794,31228.000000
medium_50pct_50pct,50.000000,50.000000,8,112650.000000,no_eec+no_learning+no_balance,773.511404,817.170583,26.488596,17.170583,43.659179,0.000000,40.284167,0.000000,-8.378011,332.115385,366.286982,68.343195,0.000000,0.000000,150.000000,845.000000,755.000000,690.000000,890.000000,26624,6144,17062,393.005144,265.664435,67.598208,77.112554,547.880293,0.493092,88.259663,0.015630,0,0.009481,0.003794,31228.000000
medium_50pct_50pct,50.000000,50.000000,9,115210.000000,no_eec+no_learning+no_balance,773.511404,817.170583,26.488596,17.170583,43.659179,0.000000,40.284167,0.000000,-8.378011,332.115385,366.286982,68.343195,0.000000,0.000000,150.000000,845.000000,755.000000,690.000000,890.000000,26624,6144,17062,393.005144,265.664435,67.598208,77.112554,547.880293,0.493092,88.259663,0.015630,0,0.009481,0.003794,31228.000000
medium_50pct_50pct,50.000000,50.000000,10,117770.000000,no_eec+no_learning+no_balance,773.511404,817.170583,26.488596,17.170583,43.659179,0.000000,40.284167,0.000000,-8.378011,332.115385,366.286982,68.343195,0.000000,0.000000,150.000000,845.000000,755.000000,690.000000,890.000000,26624,6144,17062,393.005144,265.664435,67.598208,77.112554,547.880293,0.493092,88.259663,0.015630,0,0.009481,0.003794,31228.000000
medium_50pct_50pct,50.000000,50.000000,11,120330.000000,no_eec+no_learning+no_balance,773.511404,817.170583,26.488596,17.170583,43.659179,0.000000,40.284167,0.000000,-8.378011,332.115385,366.286982,68.343195,0.000000,0.000000,150.000000,845.000000,755.000000,690.000000,890.000000,26624,6144,17062,393.005144,265.664435,67.598208,77.112554,547.880293,0.493092,88.259663,0.015630,0,0.009481,0.003794,31228.000000
medium_50pct_50pct,50.000000,50.000000,12,122890.000000,no_eec+no_learning+no_balance,773.511404,817.170583,26.488596,17.170583,43.659179,0.000000,40.284167,0.000000,-8.378011,332.115385,366.286982,68.343195,0.000000,0.000000,150.000000,845.000000,755.000000,690.000000,890.000000,26624,6144,17062,393.005144,265.664435,67.598208,77.112554,547.880293,0.493092,88.259663,0.015630,0,0.009481,0.003794,31228.000000
medium_50pct_50pct,50.000000,50.000000,13,125450.000000,no_eec+no_learning+no_balance,773.511404,817.170583,26.488596,17.170583,43.659179,0.000000,40.284167,0.000000,-8.378011,332.115385,366.286982,68.343195,0.000000,0.000000,150.000000,845.000000,755.000000,690.000000,890.000000,26624,6144,17062,393.005144,265.664435,67.598208,77.112554,547.880293,0.493092,88.259663,0.015630,0,0.009481,0.003794,31228.000000
medium_50pct_50pct,50.000000,50.000000,14,128010.000000,no_eec+no_learning+no_balance,773.511404,817.170583,26.488596,17.170583,43.659179,0.000000,40.284167,0.000000,-8.378011,332.115385,366.286982,68.343195,0.000000,0.000000,150.000000,845.000000,755.000000,690.000000,890.000000,26624,6144,17062,393.005144,265.664435,67.598208,77.112554,547.880293,0.493092,88.259663,0.015630,0,0.009481,0.003794,31228.000000
medium_50pct_50pct,50.000000,50.000000,15,130570.000000,no_eec+no_learning+no_balance,773.511404,817.170583,26.488596,17.170583,43.659179,0.000000,40.284167,0.000000,-8.378011,332.115385,366.286982,68.343195,0.000000,0.000000,150.000000,845.000000,755.000000,690.000000,890.000000,26624,6144,17062,393.005144,265.664435,67.598208,77.112554,547.880293,0.493092,88.259663,0.015630,0,0.009481,0.003794,31228.000000
medium_50pct_50pct,50.000000,50.000000,16,133130.000000,no_eec+no_learning+no_balance,773.511404,817.170583,26.488596,17.170583,43.659179,0.000000,40.284167,0.000000,-8.378011,332.115385,366.286982,68.343195,0.000000,0.000000,150.000000,845.000000,755.000000,690.000000,890.000000,26624,6144,17062,393.005144,265.664435,67.598208,77.112554,547.880293,0.493092,88.259663,0.015630,0,0.009481,0.003794,31228.000000
medium_50pct_50pct,50.000000,50.000000,17,135690.000000,no_eec+no_learning+no_balance,773.511404,817.170583,26.488596,17.170583,43.659179,0.000000,40.284167,0.000000,-8.378011,332.115385,366.286982,68.343195,0.000000,0.000000,150.000000,845.000000,755.000000,690.000000,890.000000,26624,6144,17062,393.005144,265.664435,67.598208,77.112554,547.880293,0.493092,88.259663,0.015630,0,0.009481,0.003794,31228.000000
medium_50pct_50pct,50.000000,50.000000,18,138250.000000,no_eec+no_learning+no_balance,773.511404,817.170583,26.488596,17.170583,43.659179,0.000000,40.284167,0.000000,-8.378011,332.115385,366.286982,68.343195,0.000000,0.000000,150.000000,845.000000,755.000000,690.000000,890.000000,26624,6144,17062,393.005144,265.664435,67.598208,77.112554,547.880293,0.493092,88.259663,0.015630,0,0.009481,0.003794,31228.000000
medium_50pct_50pct,50.000000,50.000000,19,140810.000000,no_eec+no_learning+no_balance,773.511404,817.170583,26.488596,17.170583,43.659179,0.000000,40.284167,0.000000,-8.378011,332.115385,366.286982,68.343195,0.000000,0.000000,150.000000,845.000000,755.000000,690.000000,890.000000,26624,6144,17062,393.005144,265.664435,67.598208,77.112554,547.880293,0.493092,88.259663,0.015630,0,0.009481,0.003794,31228.000000
medium_50pct_50pct,50.000000,50.000000,20,143370.000000,no_eec+no_learning+no_balance,773.511404,817.170583,26.488596,17.170583,43.659179,0.000000,40.284167,0.000000,-8.378011,332.115385,366.286982,68.343195,0.000000,0.000000,150.000000,845.000000,755.000000,690.000000,890.000000,26624,6144,17062,393.005144,265.664435,67.598208,77.112554,547.880293,0.493092,88.259663,0.015630,0,0.009481,0.003794,31228.000000
medium_50pct_50pct,50.000000,50.000000,21,145930.000000,no_eec+no_learning+no_balance,773.511404,817.170583,26.488596,17.170583,43.659179,0.000000,40.284167,0.000000,-8.378011,332.115385,366.286982,68.343195,0.000000,0.000000,150.000000,845.000000,755.000000,690.000000,890.000000,26624,6144,17062,393.005144,265.664435,67.598208,77.112554,547.880293,0.493092,88.259663,0.015630,0,0.009481,0.003794,31228.000000
medium_50pct_50pct,50.000000,50.000000,22,148490.000000,no_eec+no_learning+no_balance,773.511404,817.170583,26.488596,17.170583,43.659179,0.000000,40.284167,0.000000,-8.378011,332.115385,366.286982,68.343195,0.000000,0.000000,150.000000,845.000000,755.000000,690.000000,890.000000,26624,6144,17062,393.005144,265.664435,67.598208,77.112554,547.880293,0.493092,88.259663,0.015630,0,0.009481,0.003794,31228.000000
medium_50pct_50pct,50.000000,50.000000,23,151050.000000,no_eec+no_learning+no_balance,773.511404,817.170583,26.488596,17.170583,43.659179,0.000000,40.284167,0.000000,-8.378011,332.115385,366.286982,68.343195,0.000000,0.000000,150.000000,845.000000,755.000000,690.000000,890.000000,26624,6144,17062,393.005144,265.664435,67.598208,77.112554,547.880293,0.493092,88.259663,0.015630,0,0.009481,0.003794,31228.000000
medium_50pct_50pct,50.000000,50.000000,24,153610.000000,no_eec+no_learning+no_balance,773.511404,817.170583,26.488596,17.170583,43.659179,0.000000,40.284167,0.000000,-8.378011,332.115385,366.286982,68.343195,0.000000,0.000000,150.000000,845.000000,755.000000,690.000000,890.000000,26624,6144,17062,393.005144,265.664435,67.598208,77.112554,547.880293,0.493092,88.259663,0.015630,0,0.009481,0.003794,31228.000000
medium_50pct_50pct,50.000000,50.000000,25,156170.000000,no_eec+no_learning+no_balance,773.511404,817.170583,26.488596,17.170583,43.659179,0.000000,40.284167,0.000000,-8.378011,332.115385,366.286982,68.343195,0.000000,0.000000,150.000000,845.000000,755.000000,690.000000,890.000000,26624,6144,17062,393.005144,265.664435,67.598208,77.112554,547.880293,0.493092,88.259663,0.015630,0,0.009481,0.003794,31228.000000
medium_50pct_50pct,50.000000,50.000000,26,158730.000000,no_eec+no_learning+no_balance,773.511404,817.170583,26.488596,17.170583,43.659179,0.000000,40.284167,0.000000,-8.378011,332.115385,366.286982,68.343195,0.000000,0.000000,150.000000,845.000000,755.000000,690.000000,890.000000,26624,6144,17062,393.005144,265.664435,67.598208,77.112554,547.880293,0.493092,88.259663,0.015630,0,0.009481,0.003794,31228.000000
medium_50pct_50pct,50.000000,50.000000,27,161290.000000,no_eec+no_learning+no_balance,773.511404,817.170583,26.488596,17.170583,43.659179,0.000000,40.284167,0.000000,-8.378011,332.115385,366.286982,68.343195,0.000000,0.000000,150.000000,845.000000,755.000000,690.000000,890.000000,26624,6144,17062,393.005144,265.664435,67.598208,77.112554,547.880293,0.493092,88.259663,0.015630,0,0.009481,0.003794,31228.000000
medium_50pct_50pct,50.000000,50.000000,28,163850.000000,no_eec+no_learning+no_balance,773.511404,817.170583,26.488596,17.170583,43.659179,0.000000,40.284167,0.000000,-8.378011,332.115385,366.286982,68.343195,0.000000,0.000000,150.000000,845.000000,755.000000,690.000000,890.000000,26624,6144,17062,393.005144,265.664435,67.598208,77.112554,547.880293,0.493092,88.259663,0.015630,0,0.009481,0.003794,31228.000000
medium_50pct_50pct,50.000000,50.000000,29,166410.000000,no_eec+no_learning+no_balance,773.511404,817.170583,26.488596,17.170583,43.659179,0.000000,40.284167,0.000000,-8.378011,332.115385,366.286982,68.343195,0.000000,0.000000,150.000000,845.000000,755.000000,690.000000,890.000000,26624,6144,17062,393.005144,265.664435,67.598208,77.112554,547.880293,0.493092,88.259663,0.015630,0,0.009481,0.003794,31228.000000
medium_50pct_50pct,50.000000,50.000000,30,168970.000000,no_eec+no_learning+no_balance,773.511404,817.170583,26.488596,17.170583,43.659179,0.000000,40.284167,0.000000,-8.378011,332.115385,366.286982,68.343195,0.000000,0.000000,150.000000,845.000000,755.000000,690.000000,890.000000,26624,6144,17062,393.005144,265.664435,67.598208,77.112554,547.880293,0.493092,88.259663,0.015630,0,0.009481,0.003794,31228.000000
medium_50pct_50pct,50.000000,50.000000,31,171530.000000,no_eec+no_learning+no_balance,773.511404,817.170583,26.488596,17.170583,43.659179,0.000000,40.284167,0.000000,-8.378011,332.115385,366.286982,68.343195,0.000000,0.000000,150.000000,845.000000,755.000000,690.000000,890.000000,26624,6144,17062,393.005144,265.664435,67.598208,77.112554,547.880293,0.493092,88.259663,0.015630,0,0.009481,0.003794,31228.000000
medium_50pct_50pct,50.000000,50.000000,32,174090.000000,no_eec+no_learning+no_balance,773.511404,817.170583,26.488596,17.170583,43.659179,0.000000,40.284167,0.000000,-8.378011,332.115385,366.286982,68.343195,0.000000,0.000000,150.000000,845.000000,755.000000,690.000000,890.000000,26624,6144,17062,393.005144,265.664435,67.598208,77.112554,547.880293,0.493092,88.259663,0.015630,0,0.009481,0.003794,31228.000000
sparse_90pct_25pct,90.000000,25.000000,1,176650.000000,no_eec+no_learning+no_balance,788.601208,820.044425,11.398792,20.044425,31.443217,11.398792,31.443217,0.000000,0.000000,275.000000,278.417160,6.834320,0.000000,0.000000,20.000000,845.000000,755.000000,690.000000,890.000000,26624,6144,8320,314.755798,221.297463,70.307668,79.871410,535.834535,0.482251,61.909375,0.006684,0,0.000844,0.000313,26740.394531
sparse_90pct_25pct,90.000000,25.000000,2,179210.000000,no_eec+no_learning+no_balance,788.741300,804.537191,11.258700,4.537191,15.795892,11.398792,31.443217,1.229008,49.763755,275.000000,278.417160,6.834320,0.000000,0.000000,10.000000,845.000000,755.000000,690.000000,890.000000,26624,6144,8159,314.017932,219.626856,69.940864,79.871410,521.767267,0.469591,61.909375,0.000948,0,0.000781,0.000315,24658.085938
sparse_90pct_25pct,90.000000,25.000000,3,181770.000000,no_eec+no_learning+no_balance,788.741300,804.537191,11.258700,4.537191,15.795892,11.398792,31.443217,1.229008,49.763755,275.000000,278.417160,6.834320,0.000000,0.000000,10.000000,845.000000,755.000000,690.000000,890.000000,26624,6144,8193,314.096303,219.646855,69.929780,79.871410,521.723850,0.469551,61.909375,0.000931,0,0.000782,0.000315,24648.914062
sparse_90pct_25pct,90.000000,25.000000,4,184330.000000,no_eec+no_learning+no_balance,788.741300,804.608237,11.258700,4.608237,15.866937,11.398792,31.443217,1.229007,49.537807,275.000000,278.417160,6.834320,0.000000,0.000000,10.000000,845.000000,755.000000,690.000000,890.000000,26624,6144,8357,314.006805,219.618422,69.940657,79.871345,521.626526,0.469464,61.909375,0.000891,0,0.000781,0.000315,24607.332031
sparse_90pct_25pct,90.000000,25.000000,5,186890.000000,no_eec+no_learning+no_balance,788.741300,804.386837,11.258700,4.386837,15.645538,11.398792,31.443217,1.229007,50.241930,275.000000,278.417160,6.834320,0.000000,0.000000,30.000000,845.000000,755.000000,690.000000,890.000000,26624,6144,8163,313.970372,219.639147,69.955374,79.871345,521.556048,0.469400,61.909375,0.000863,0,0.000782,0.000315,24607.375000
sparse_90pct_25pct,90.000000,25.000000,6,189450.000000,no_eec+no_learning+no_balance,788.741300,804.386837,11.258700,4.386837,15.645538,11.398792,31.443217,1.229007,50.241930,275.000000,278.417160,6.834320,0.000000,0.000000,30.000000,845.000000,755.000000,690.000000,890.000000,26624,6144,8132,314.002210,219.635141,69.947005,79.871345,521.553402,0.469398,61.909375,0.000862,0,0.000782,0.000315,24607.089844
sparse_90pct_25pct,90.000000,25.000000,7,192010.000000,no_eec+no_learning+no_balance,788.741300,804.386837,11.258700,4.386837,15.645538,11.398792,31.443217,1.229007,50.241930,275.000000,278.417160,6.834320,0.000000,0.000000,30.000000,845.000000,755.000000,690.000000,890.000000,26624,6144,8361,314.005262,219.630293,69.944781,79.871345,521.637422,0.469474,61.909375,0.000896,0,0.000782,0.000315,24612.347656
sparse_90pct_25pct,90.000000,25.000000,8,194570.000000,no_eec+no_learning+no_balance,788.741300,804.386837,11.258700,4.386837,15.645538,11.398792,31.443217,1.229007,50.241930,275.000000,278.417160,6.834320,0.000000,0.000000,30.000000,845.000000,755.000000,690.000000,890.000000,26624,6144,8167,313.970372,219.639147,69.955374,79.871345,521.556048,0.469400,61.909375,0.000863,0,0.000782,0.000315,24611.375000
sparse_90pct_25pct,90.000000,25.000000,9,197130.000000,no_eec+no_learning+no_balance,788.741300,804.386837,11.258700,4.386837,15.645538,11.398792,31.443217,1.229007,50.241930,275.000000,278.417160,6.834320,0.000000,0.000000,30.000000,845.000000,755.000000,690.000000,890.000000,26624,6144,8136,314.002210,219.635141,69.947005,79.871345,521.553402,0.469398,61.909375,0.000862,0,0.000782,0.000315,24611.089844
sparse_90pct_25pct,90.000000,25.000000,10,199690.000000,no_eec+no_learning+no_balance,788.741300,804.386837,11.258700,4.386837,15.645538,11.398792,31.443217,1.229007,50.241930,275.000000,278.417160,6.834320,0.000000,0.000000,30.000000,845.000000,755.000000,690.000000,890.000000,26624,6144,8365,314.005262,219.630293,69.944781,79.871345,521.637422,0.469474,61.909375,0.000896,0,0.000782,0.000315,24616.347656
sparse_90pct_25pct,90.000000,25.000000,11,202250.000000,no_eec+no_learning+no_balance,788.741300,804.386837,11.258700,4.386837,15.645538,11.398792,31.443217,1.229007,50.241930,275.000000,278.417160,6.834320,0.000000,0.000000,30.000000,845.000000,755.000000,690.000000,890.000000,26624,6144,8171,313.970372,219.639147,69.955374,79.871345,521.556048,0.469400,61.909375,0.000863,0,0.000782,0.000315,24615.375000
sparse_90pct_25pct,90.000000,25.000000,12,204810.000000,no_eec+no_learning+no_balance,788.741300,804.386837,11.258700,4.386837,15.645538,11.398792,31.443217,1.229007,50.241930,275.000000,278.417160,6.834320,0.000000,0.000000,30.000000,845.000000,755.000000,690.000000,890.000000,26624,6144,8140,314.002210,219.635141,69.947005,79.871345,521.553402,0.469398,61.909375,0.000862,0,0.000782,0.000315,24615.089844
sparse_90pct_25pct,90.000000,25.000000,13,207370.000000,no_eec+no_learning+no_balance,788.741300,804.386837,11.258700,4.386837,15.645538,11.398792,31.443217,1.229007,50.241930,275.000000,278.417160,6.834320,0.000000,0.000000,30.000000,845.000000,755.000000,690.000000,890.000000,26624,6144,8369,314.005262,219.630293,69.944781,79.871345,521.637422,0.469474,61.909375,0.000896,0,0.000782,0.000315,24620.347656
sparse_90pct_25pct,90.000000,25.000000,14,209930.000000,no_eec+no_learning+no_balance,788.741300,804.386837,11.258700,4.386837,15.645538,11.398792,31.443217,1.229007,50.241930,275.000000,278.417160,6.834320,0.000000,0.000000,30.000000,845.000000,755.000000,690.000000,890.000000,26624,6144,8175,313.970372,219.639147,69.955374,79.871345,521.556048,0.469400,61.909375,0.000863,0,0.000782,0.000315,24619.375000
sparse_90pct_25pct,90.000000,25.000000,15,212490.000000,no_eec+no_learning+no_balance,788.741300,804.386837,11.258700,4.386837,15.645538,11.398792,31.443217,1.229007,50.241930,275.000000,278.417160,6.834320,0.000000,0.000000,30.000000,845.000000,755.000000,690.000000,890.000000,26624,6144,8144,314.002210,219.635141,69.947005,79.871345,521.553402,0.469398,61.909375,0.000862,0,0.000782,0.000315,24619.089844
sparse_90pct_25pct,90.000000,25.000000,16,215050.000000,no_eec+no_learning+no_balance,788.741300,804.386837,11.258700,4.386837,15.645538,11.398792,31.443217,1.229007,50.241930,275.000000,278.417160,6.834320,0.000000,0.000000,30.000000,845.000000,755.000000,690.000000,890.000000,26624,6144,8373,314.005262,219.630293,69.944781,79.871345,521.637422,0.469474,61.909375,0.000896,0,0.000782,0.000315,24624.347656
sparse_90pct_25pct,90.000000,25.000000,17,217610.000000,no_eec+no_learning+no_balance,788.741300,804.386837,11.258700,4.386837,15.645538,11.398792,31.443217,1.229007,50.241930,275.000000,278.417160,6.834320,0.000000,0.000000,30.000000,845.000000,755.000000,690.000000,890.000000,26624,6144,8179,313.970372,219.639147,69.955374,79.871345,521.556048,0.469400,61.909375,0.000863,0,0.000782,0.000315,24623.375000
sparse_90pct_25pct,90.000000,25.000000,18,220170.000000,no_eec+no_learning+no_balance,788.741300,804.386837,11.258700,4.386837,15.645538,11.398792,31.443217,1.229007,50.241930,275.000000,278.417160,6.834320,0.000000,0.000000,30.000000,845.000000,755.000000,690.000000,890.000000,26624,6144,8148,314.002210,219.635141,69.947005,79.871345,521.553402,0.469398,61.909375,0.000862,0,0.000782,0.000315,24623.089844
sparse_90pct_25pct,90.000000,25.000000,19,222730.000000,no_eec+no_learning+no_balance,788.741300,804.386837,11.258700,4.386837,15.645538,11.398792,31.443217,1.229007,50.241930,275.000000,278.417160,6.834320,0.000000,0.000000,30.000000,845.000000,755.000000,690.000000,890.000000,26624,6144,8377,314.005262,219.630293,69.944781,79.871345,521.637422,0.469474,61.909375,0.000896,0,0.000782,0.000315,24628.347656
sparse_90pct_25pct,90.000000,25.000000,20,225290.000000,no_eec+no_learning+no_balance,788.741300,804.386837,11.258700,4.386837,15.645538,11.398792,31.443217,1.229007,50.241930,275.000000,278.417160,6.834320,0.000000,0.000000,30.000000,845.000000,755.000000,690.000000,890.000000,26624,6144,8183,313.970372,219.639147,69.955374,79.871345,521.556048,0.469400,61.909375,0.000863,0,0.000782,0.000315,24627.375000
sparse_90pct_25pct,90.000000,25.000000,21,227850.000000,no_eec+no_learning+no_balance,788.741300,804.386837,11.258700,4.386837,15.645538,11.398792,31.443217,1.229007,50.241930,275.000000,278.417160,6.834320,0.000000,0.000000,30.000000,845.000000,755.000000,690.000000,890.000000,26624,6144,8152,314.002210,219.635141,69.947005,79.871345,521.553402,0.469398,61.909375,0.000862,0,0.000782,0.000315,24627.089844
sparse_90pct_25pct,90.000000,25.000000,22,230410.000000,no_eec+no_learning+no_balance,788.741300,804.386837,11.258700,4.386837,15.645538,11.398792,31.443217,1.229007,50.241930,275.000000,278.417160,6.834320,0.000000,0.000000,30.000000,845.000000,755.000000,690.000000,890.000000,26624,6144,8381,314.005262,219.630293,69.944781,79.871345,521.637422,0.469474,61.909375,0.000896,0,0.000782,0.000315,24632.347656
sparse_90pct_25pct,90.000000,25.000000,23,232970.000000,no_eec+no_learning+no_balance,788.741300,804.386837,11.258700,4.386837,15.645538,11.398792,31.443217,1.229007,50.241930,275.000000,278.417160,6.834320,0.000000,0.000000,30.000000,845.000000,755.000000,690.000000,890.000000,26624,6144,8187,313.970372,219.639147,69.955374,79.871345,521.556048,0.469400,61.909375,0.000863,0,0.000782,0.000315,24631.375000
sparse_90pct_25pct,90.000000,25.000000,24,235530.000000,no_eec+no_learning+no_balance,788.741300,804.386837,11.258700,4.386837,15.645538,11.398792,31.443217,1.229007,50.241930,275.000000,278.417160,6.834320,0.000000,0.000000,30.000000,845.000000,755.000000,690.000000,890.000000,26624,6144,8156,314.002210,219.635141,69.947005,79.871345,521.553402,0.469398,61.909375,0.000862,0,0.000782,0.000315,24631.089844
sparse_90pct_25pct,90.000000,25.000000,25,238090.000000,no_eec+no_learning+no_balance,788.741300,804.386837,11.258700,4.386837,15.645538,11.398792,31.443217,1.229007,50.241930,275.000000,278.417160,6.834320,0.000000,0.000000,30.000000,845.000000,755.000000,690.000000,890.000000,26624,6144,8385,314.005262,219.630293,69.944781,79.871345,521.637422,0.469474,61.909375,0.000896,0,0.000782,0.000315,24636.347656
sparse_90pct_25pct,90.000000,25.000000,26,240650.000000,no_eec+no_learning+no_balance,788.741300,804.386837,11.258700,4.386837,15.645538,11.398792,31.443217,1.229007,50.241930,275.000000,278.417160,6.834320,0.000000,0.000000,30.000000,845.000000,755.000000,690.000000,890.000000,26624,6144,8191,313.970372,219.639147,69.955374,79.871345,521.556048,0.469400,61.909375,0.000863,0,0.000782,0.000315,24635.375000
sparse_90pct_25pct,90.000000,25.000000,27,243210.000000,no_eec+no_learning+no_balance,788.741300,804.386837,11.258700,4.386837,15.645538,11.398792,31.443217,1.229007,50.241930,275.000000,278.417160,6.834320,0.000000,0.000000,30.000000,845.000000,755.000000,690.000000,890.000000,26624,6144,8160,314.002210,219.635141,69.947005,79.871345,521.553402,0.469398,61.909375,0.000862,0,0.000782,0.000315,24635.089844
sparse_90pct_25pct,90.000000,25.000000,28,245770.000000,no_eec+no_learning+no_balance,788.741347,804.386837,11.258653,4.386837,15.645490,11.398792,31.443217,1.229424,50.242082,275.000000,278.417160,6.834320,0.000000,0.000000,10.000000,845.000000,755.000000,690.000000,890.000000,26624,6144,8259,314.070250,219.646472,69.935459,79.871410,521.661598,0.469495,61.909375,0.000906,0,0.000782,0.000316,24620.640625
sparse_90pct_25pct,90.000000,25.000000,29,248330.000000,no_eec+no_learning+no_balance,788.741347,804.386837,11.258653,4.386837,15.645490,11.398792,31.443217,1.229424,50.242082,275.000000,278.417160,6.834320,0.000000,0.000000,10.000000,845.000000,755.000000,690.000000,890.000000,26624,6144,8261,314.081492,219.636579,69.929806,79.871410,521.657807,0.469492,61.909375,0.000904,0,0.000781,0.000316,24620.343750
sparse_90pct_25pct,90.000000,25.000000,30,250890.000000,no_eec+no_learning+no_balance,788.741347,804.386837,11.258653,4.386837,15.645490,11.398792,31.443217,1.229424,50.242082,275.000000,278.417160,6.834320,0.000000,0.000000,10.000000,845.000000,755.000000,690.000000,890.000000,26624,6144,8263,314.081492,219.636579,69.929806,79.871410,521.657807,0.469492,61.909375,0.000904,0,0.000781,0.000316,24622.343750
sparse_90pct_25pct,90.000000,25.000000,31,253450.000000,no_eec+no_learning+no_balance,788.741347,804.386837,11.258653,4.386837,15.645490,11.398792,31.443217,1.229424,50.242082,275.000000,278.417160,6.834320,0.000000,0.000000,10.000000,845.000000,755.000000,690.000000,890.000000,26624,6144,8265,314.081492,219.636579,69.929806,79.871410,521.657807,0.469492,61.909375,0.000904,0,0.000781,0.000316,24624.343750
sparse_90pct_25pct,90.000000,25.000000,32,256010.000000,no_eec+no_learning+no_balance,788.741347,804.386837,11.258653,4.386837,15.645490,11.398792,31.443217,1.229424,50.242082,275.000000,278.417160,6.834320,0.000000,0.000000,10.000000,845.000000,755.000000,690.000000,890.000000,26624,6144,8267,314.081492,219.636579,69.929806,79.871410,521.657807,0.469492,61.909375,0.000904,0,0.000781,0.000316,24626.343750
load_step_116_506_330ma,0.000000,100.000000,1,258570.000000,no_eec+no_learning+no_balance,721.038933,848.554880,78.961067,48.554880,127.515947,78.961067,127.515947,0.000000,0.000000,408.500000,506.000000,390.000000,0.000000,0.000000,0.000000,845.000000,755.000000,690.000000,890.000000,26624,6144,10250,536.213921,309.820852,57.779338,72.111358,617.739123,0.555965,141.749500,0.051323,0,0.000000,0.000000,30945.625000
load_step_116_506_330ma,0.000000,100.000000,2,261130.000000,no_eec+no_learning+no_balance,730.808103,822.118511,69.191897,22.118511,91.310408,78.961067,127.515947,12.372135,28.392950,374.000000,506.000000,176.000000,0.000000,0.000000,30.000000,845.000000,755.000000,690.000000,890.000000,26624,6144,16425,479.587599,296.699925,61.865637,72.116604,582.964861,0.524668,129.778000,0.038759,0,0.000000,0.000000,34768.371094
load_step_116_506_330ma,0.000000,100.000000,3,263690.000000,no_eec+no_learning+no_balance,792.159776,803.695552,7.840224,3.695552,11.535777,78.961067,127.515947,90.070772,90.953463,330.000000,330.000000,0.000000,0.000000,0.000000,0.000000,845.000000,755.000000,690.000000,890.000000,26624,6144,16425,422.793521,263.243767,62.262961,72.083367,546.592432,0.491933,114.510000,0.022509,0,0.000000,0.000000,30704.278431
